Month,Sales
January 2024,12500
February 2024,13800
March 2024,14250
April 2024,15600
May 2024,14900
June 2024,16300
July 2024,17150
August 2024,16800
September 2024,18200
October 2024,19500
November 2024,18800
December 2024,20700
January 2025,21500
February 2025,22100
March 2025,23400
April 2025,22900
May 2025,24600
June 2025,25800
July 2025,25100
August 2025,26900
September 2025,27800
October 2025,28500
November 2025,29700
December 2025,29100
January 2026,31200
February 2026,32500
March 2026,31800
April 2026,33400
May 2026,34800
June 2026,36100
